Modelo,AUC_mean,AUC_std,F1_mean,F1_std
RF,0.9174933627351824,0.010849590850748207,0.7927760101948838,0.017443754517227288
LogReg,0.9140022377712211,0.011248968628682804,0.7859986965667545,0.024493331791453684
SVM,0.9072665903309451,0.011149863555899624,0.7770919051213204,0.014022180238928037
